{"stats":{"minecraft:picked_up":{"minecraft:dark_oak_door":1},"minecraft:custom":{"minecraft:jump":31,"minecraft:time_since_rest":5528,"minecraft:leave_game":2,"minecraft:play_time":5528,"minecraft:sprint_one_cm":4363,"minecraft:damage_taken":80,"minecraft:time_since_death":5528,"minecraft:walk_one_cm":16117,"minecraft:sneak_time":121,"minecraft:total_world_time":5528,"minecraft:fall_one_cm":747,"minecraft:fly_one_cm":6368},"minecraft:mined":{"minecraft:tall_grass":2},"minecraft:used":{"minecraft:black_concrete":2,"minecraft:dark_oak_door":1}},"DataVersion":3465}