{"stats":{"minecraft:custom":{"minecraft:jump":87,"minecraft:time_since_rest":20396,"minecraft:damage_dealt":20,"minecraft:damage_taken":280,"minecraft:crouch_one_cm":315,"minecraft:leave_game":2,"minecraft:play_time":20923,"minecraft:sprint_one_cm":9197,"minecraft:time_since_death":20390,"minecraft:walk_one_cm":18028,"minecraft:deaths":1,"minecraft:sneak_time":215,"minecraft:total_world_time":20923,"minecraft:fall_one_cm":266,"minecraft:fly_one_cm":99481},"minecraft:used":{"dedsafio_3:casino_d_3":40,"minecraft:command_block":2},"minecraft:killed_by":{"minecraft:skeleton":1}},"DataVersion":3465}