{"stats":{"minecraft:custom":{"minecraft:time_since_rest":9535,"minecraft:crouch_one_cm":649,"minecraft:deaths":3,"minecraft:sprint_one_cm":52579,"minecraft:play_time":23337,"minecraft:damage_taken":410,"minecraft:walk_one_cm":70616,"minecraft:sneak_time":584,"minecraft:mob_kills":7,"minecraft:jump":322,"minecraft:damage_dealt":1899,"minecraft:leave_game":4,"minecraft:time_since_death":9508,"minecraft:total_world_time":23337,"minecraft:fly_one_cm":93331,"minecraft:fall_one_cm":5054},"minecraft:picked_up":{"minecraft:dark_oak_door":1,"minecraft:gravel":6,"minecraft:flint":1,"minecraft:mossy_stone_bricks":1,"minecraft:moss_carpet":1},"minecraft:mined":{"minecraft:gravel":7,"minecraft:tall_grass":3},"minecraft:killed":{"dedsafio_3:creeper_cake":4,"dedsafio_3:rana_gigante":3},"minecraft:used":{"minecraft:stone_bricks":2,"minecraft:moss_carpet":4,"minecraft:mossy_stone_bricks":3,"minecraft:black_concrete":2,"dedsafio_3:infernal_sword":27,"dedsafio_3:casino_d_3":39,"minecraft:dark_oak_door":1,"minecraft:gravel":1}},"DataVersion":3465}