{"stats":{"minecraft:custom":{"minecraft:jump":24,"minecraft:time_since_rest":13740,"minecraft:damage_dealt":20,"minecraft:crouch_one_cm":171,"minecraft:deaths":1,"minecraft:sprint_one_cm":3923,"minecraft:play_time":14267,"minecraft:damage_taken":280,"minecraft:time_since_death":13734,"minecraft:walk_one_cm":9826,"minecraft:sneak_time":90,"minecraft:total_world_time":14267,"minecraft:fall_one_cm":266,"minecraft:fly_one_cm":70266},"minecraft:used":{"dedsafio_3:casino_d_3":40,"minecraft:command_block":2},"minecraft:killed_by":{"minecraft:skeleton":1}},"DataVersion":3465}