{
  "minecraft:recipes/decorations/crafting_table": {
    "criteria": {
      "unlock_right_away": "2024-11-08 21:40:08 +0000"
    },
    "done": true
  },
  "minecraft:adventure/adventuring_time": {
    "criteria": {
      "minecraft:deep_ocean": "2024-11-08 21:41:39 +0000",
      "minecraft:bamboo_jungle": "2024-11-08 21:40:09 +0000",
      "minecraft:river": "2024-11-08 21:50:43 +0000",
      "minecraft:jungle": "2024-11-08 21:49:05 +0000"
    },
    "done": false
  },
  "minecraft:adventure/root": {
    "criteria": {
      "killed_by_something": "2024-11-08 21:40:35 +0000"
    },
    "done": true
  },
  "DataVersion": 3465
}